qweer,zxcvbnm,asd,fourth,fifth,sixth,seventh,,,,,,,, , , , , , 
33,22,33,,,,,48,,,,,,, , , , , , 
octopus,dove,search,robot,tie,guitar,hope,,,,,,,, , , , , , 
bib,gnome,nail,computer,man,soap,waltz,,,,,,,, , , , , , 
tar,loan,onion,riot,turtle,thistle,noun,,,,,,,, , , , , , 
mattress,barrel,morning,creeper,forest,hair,generator,,,,,,,, , , , , , 
1,2,3,4,5,,,,,,,,,, , , , , , 
qaz,wsx,13434r,15,18,,,,,,,,,, , , , , , 
qws,,,,,,,,,,,,,, , , , , , 
йцукыы,,,,,,,,,,,,,, , , , , , 
,,,,,,,,,,,,,, , , , , , 
,,,,,,,,,,,,,, , , , , , 
,,,,,,,,,,,,,, , , , , , 
,,,,,,,,,,,,,, , , , , , 
,,,,,,,,,,,,,, , , , , , 
 , , , , , , , , , , , , , , , , , , , 
 , , , , , , , , , , , , , , , , , , , 
 , , , , , , , , , , , , , , , , , , , 
 , , , , , , , , , , , , , , , , , , , 
 , , , , , , , , , , , , , , , , , , , 
